target,test_MAE,test_RMSE,test_R2
cd,0.005052723272136585,0.0062739003821665135,0.9540857280886815
cl,0.009160558139052921,0.011355155827973301,0.9673260709486114
clf,0.007275779140399129,0.009394997323389304,0.972945433729907
clr,0.006825931788997139,0.008893116602876953,0.9663949242893266
