cd_std_p90,cl_std_p90
0.001444146995931955,0.0029114894635456474
